collection,ratio
Azuki,0.012843647
BAKC,0.022699387
boredApes,0.035644178
clonex,0.011881668
coolcat,0.018597237
cryptopunk,0.028887924
doodles,0.024111411
dotdotdot,0.015940727
loot,0.014806041
meebits,0.014976599
mutantApes,0.030209089
terraform,0.020855534